name,age,sex,birthday
沖野,58,男,1962/6/13
木野,47,女,1973/2/27
柳瀬,52,男,1968/8/28
小野田,11,女,2009/6/17
小松,25,女,1995/6/14
森田,37,男,1982/11/2
砂田,34,男,1986/3/14
坪井,67,女,1952/10/29
竹下,65,男,1955/8/26
田部,15,男,2004/12/6
長江,55,女,1964/9/24
溝上,45,男,1975/2/24
鈴木,10,男,2009/10/13
新谷,46,男,1974/2/17
副島,42,男,1977/9/13
小幡,51,女,1969/7/24
柳田,43,男,1976/10/23
山名,51,女,1969/2/18
一戸,7,男,2013/7/26
城間,11,男,2008/12/22
関谷,7,男,2012/9/5
小寺,19,男,2001/1/11
安部,39,男,1981/5/14
西村,41,男,1978/10/12
一色,7,男,2013/3/28
越川,26,女,1993/10/2
石谷,47,女,1973/5/12
大島,31,男,1989/1/22
本庄,14,男,2005/12/11
市野,30,女,1990/7/17
神,45,女,1975/2/27
木場,19,女,2000/11/2
柴原,17,男,2002/10/15
井出,18,女,2002/2/3
辻井,38,男,1982/1/21
野田,13,女,2006/9/5
橋場,59,男,1960/11/7
日向,38,男,1982/8/25
小栗,42,女,1978/6/12
大道,20,女,2000/8/23
安田,34,女,1986/6/18
真下,50,男,1970/8/19
麻生,30,女,1989/10/28
藤代,27,女,1993/5/24
加納,32,女,1988/8/16
小竹,43,女,1977/3/16
白鳥,65,女,1954/10/9
山崎,32,男,1988/3/7
山浦,38,男,1982/5/1
大家,50,男,1969/11/13
益子,24,男,1995/12/5
大平,28,男,1992/4/12
荒木,18,女,2002/7/14
楠田,48,女,1972/6/3
磯村,3,男,2016/9/21
横溝,36,男,1984/4/16
穂積,7,男,2012/11/7
李,18,男,2001/9/28
笠松,41,男,1979/4/17
牟田,15,女,2005/1/6
疋田,52,女,1968/8/19
相馬,18,女,2002/3/28
木暮,27,男,1992/11/24
川端,53,男,1967/1/16
桜木,52,男,1967/12/15
江田,23,女,1997/2/17
綿引,40,女,1979/10/11
小木曽,31,女,1989/7/27
関口,3,女,2016/9/25
檜山,25,女,1994/10/12
大関,29,男,1990/11/11
柳生,43,男,1977/5/21
菅原,10,男,2009/11/12
西山,46,女,1974/5/7
中里,38,女,1981/12/13
郡司,24,男,1996/4/20
船木,35,女,1985/3/10
小畑,21,女,1999/7/25
山木,39,男,1981/1/20
川野,23,女,1997/2/6
里見,50,女,1970/2/17
土肥,57,男,1963/8/12
杉,30,女,1990/7/1
金城,33,女,1987/8/28
柘植,49,男,1971/4/13
岸本,52,女,1968/3/10
若林,51,女,1968/11/8
近江,34,男,1986/8/27
小宮山,47,女,1973/8/30
梅村,42,男,1978/3/9
門間,36,男,1984/5/19
山路,24,女,1995/10/16
井川,12,男,2008/2/8
吉良,18,女,2001/11/4
姫野,53,女,1966/9/12
奈良,44,男,1976/6/22
高桑,21,男,1998/10/19
田畑,39,女,1980/11/14
新保,22,男,1998/7/21
李,25,男,1995/6/15
